{"cameraMode":{"drawMode":0,"name":"Shaded","section":"Shading Mode"},"sceneLighting":true,"audioPlay":false,"sceneViewState":{"showFog":true,"showMaterialUpdate":false,"showSkybox":true,"showFlares":true,"showImageEffects":true,"showParticleSystems":true},"in2DMode":false,"pivot":{"x":14.710052490234375,"y":6.67140007019043,"z":20.91302490234375},"rotation":{"x":-0.16449426114559174,"y":-0.2877838909626007,"z":0.05012264475226402,"w":-0.9421968460083008},"size":48.514286041259769,"orthographic":false}